"CHR","SNP","BP","A1","BETA","SE","P"
1,"rs60404260",40023456,"A",0.02771,0.0167129071170084,0.09734
1,"rs57028196",40023927,"T",0.00386,0.0240798502807236,0.8726
1,"rs76203489",40024478,"C",0.02771,0.0167129071170084,0.09734
1,"1:40025197:D",40025197,"D",0.02771,0.0167129071170084,0.09734
1,"rs35360106",40025594,"T",-0.01771,0.0173627450980392,0.3078
1,"rs79174067",40025720,"T",-0.00273,0.0231552162849873,0.9061
1,"rs3768319",40026043,"T",-0.01874,0.0238513427516864,0.432
1,"rs17512855",40026851,"C",-0.01816,0.0173946360153257,0.2966
1,"rs61781366",40027094,"C",-0.001607,0.0231456142877719,0.9446
1,"rs12755743",40027464,"A",0.02771,0.0167129071170084,0.09734
1,"rs4660293",40028180,"G",-0.03086,0.0167172264355363,0.06491
1,"rs12127094",40030823,"T",0.02902,0.0176199149969642,0.09961
1,"rs35270389",40031283,"T",0.004323,0.0241508379888268,0.8579
1,"rs3768320",40032239,"T",-0.01852,0.0164476021314387,0.26
1,"rs17572321",40032335,"C",-0.006112,0.0237451437451437,0.7968
1,"rs12117267",40032442,"G",-0.005844,0.0237754271765663,0.8058
1,"1:40032682:I",40032682,"R",-0.005844,0.0237754271765663,0.8058
1,"rs78260708",40032832,"T",-0.02066,0.0163320158102767,0.206
1,"rs11206343",40033651,"T",-0.03372,0.0301610017889088,0.2636
1,"rs79749614",40034110,"G",-0.0008733,0.0235963253174818,0.9705
1,"rs17513135",40035686,"T",-0.01759,0.0164085820895522,0.2837
1,"rs3768321",40035928,"T",-0.02061,0.0163312202852615,0.2072
1,"rs2293476",40036847,"C",-0.0156,0.0164609053497942,0.3433
1,"rs61743745",40036944,"A",-0.006402,0.0188183421516755,0.7337
1,"rs17572434",40037206,"A",-0.01787,0.0163644688644689,0.2749
1,"rs41264487",40037354,"G",-0.01969,0.0163674147963425,0.2289
1,"rs77027633",40037726,"C",-0.01923,0.0163520408163265,0.2397
1,"rs2242500",40037902,"G",0.002586,0.023551912568306,0.9126
1,"rs2068663",40038571,"T",-0.004025,0.0177939876215738,0.8211
1,"rs2068473",40038597,"G",0.01816,0.0163603603603604,0.267
1,"rs115143496",40038863,"T",0.0155,0.0163467622864375,0.3431
1,"rs16826349",40038936,"A",-0.006451,0.0228515763372299,0.7777
1,"rs12130013",40039030,"T",-0.01701,0.0164506769825919,0.3012
1,"rs12028034",40039707,"A",-0.02411,0.0280153381361841,0.3895
1,"rs6680838",40040635,"G",-0.005604,0.0189388306860426,0.7673
1,"rs116412485",40040949,"A",-0.0119,0.0164364640883978,0.4691
1,"1:40041371:I",40041371,"I",0.001268,0.0235512630014859,0.9571
1,"1:40041699:I",40041699,"I",0.001268,0.0235512630014859,0.9571
1,"rs11557732",40041714,"A",-0.005515,0.0189714482284142,0.7713
1,"rs111447240",40041757,"A",0.035,0.0208830548926014,0.09378
1,"rs111603084",40042797,"A",-0.02743,0.0280527715279198,0.3282
1,"1:40042847:D",40042847,"D",0.03322,0.020879949717159,0.1116
1,"1:40042872:D",40042872,"D",-0.027,0.0256653992395437,0.2928
1,"rs76741523",40043021,"T",-0.005515,0.0189714482284142,0.7713
1,"rs61781368",40043752,"G",-0.006258,0.0163993710691824,0.7028
1,"rs12064914",40043772,"A",-0.012,0.0186741363211951,0.5205
1,"rs115388413",40043909,"C",-0.00509,0.0178283712784588,0.7753
1,"rs7520271",40044713,"A",-0.001968,0.0233701460634129,0.9329
1,"rs112191305",40044892,"C",-0.001968,0.0233701460634129,0.9329
1,"rs61781370",40045300,"C",-0.02439,0.028559718969555,0.3931
1,"rs138326659",40045433,"C",-0.006665,0.0231584433634468,0.7735
1,"rs12740105",40045468,"A",0.03576,0.0209122807017544,0.08737
1,"rs140145603",40045786,"T",-0.01599,0.0585928911689264,0.785
1,"rs143669132",40045888,"C",-0.01599,0.0585928911689264,0.785
1,"rs12724839",40045912,"G",-0.01556,0.0173738276016079,0.3705
1,"rs111768751",40046093,"A",-0.01653,0.0173634453781513,0.3411
1,"rs12037073",40046897,"C",-0.006577,0.0197211394302849,0.7388
1,"rs67563067",40046995,"G",0.02499,0.0196153846153846,0.2028
1,"rs12026621",40047223,"A",-0.002551,0.0236422613531047,0.9141
1,"rs12029881",40047278,"A",-0.01549,0.0299265842349305,0.6048
1,"rs4660296",40047777,"T",-0.005979,0.0174620327102804,0.732
1,"rs4660297",40047907,"T",-0.01971,0.0505773672055427,0.6968
1,"rs142150743",40047960,"A",-0.01886,0.0587905236907731,0.7484
1,"rs11206374",40048009,"A",-0.007629,0.0196979085979861,0.6985
1,"rs11206377",40049104,"A",-0.00794,0.0195952615992103,0.6853
1,"rs11206378",40049184,"G",-0.01959,0.0298673578289373,0.5119
1,"rs12039085",40049191,"A",0.01869,0.0171783088235294,0.2767
1,"rs12127382",40049320,"A",-0.01959,0.0298673578289373,0.5119
1,"rs4660846",40049511,"C",-0.007254,0.0174668914038045,0.678
1,"rs77370010",40049569,"G",-0.003213,0.0236423841059603,0.8919
1,"rs7539261",40050503,"A",-0.01886,0.0587905236907731,0.7484
1,"rs7539279",40050568,"A",-0.01886,0.0587905236907731,0.7484
1,"rs2243761",40051616,"T",0.02823,0.0201355206847361,0.161
1,"rs61781371",40052108,"G",-0.006912,0.0174721941354904,0.6924
1,"rs9729677",40052809,"T",-0.003213,0.0236423841059603,0.8919
1,"rs141880497",40052945,"T",0.02812,0.0201288475304223,0.1626
1,"rs11206386",40052966,"G",0.02812,0.0201288475304223,0.1626
1,"rs11206387",40052998,"A",0.028,0.0201438848920863,0.1646
1,"rs35438951",40053021,"T",-0.005797,0.017460843373494,0.7399
1,"rs11206388",40053061,"C",-0.006549,0.0174733191035219,0.7078
1,"rs61781373",40053093,"C",-0.003708,0.0236328871892925,0.8753
1,"rs2695324",40053641,"A",0.02812,0.0201288475304223,0.1626
1,"rs11206390",40054499,"G",-0.003708,0.0236328871892925,0.8753
1,"rs140750417",40054661,"T",-0.01886,0.0587905236907731,0.7484
1,"rs114963592",40055180,"T",-0.006594,0.0174860779634049,0.7061
1,"rs149195354",40055654,"G",0.006864,0.0164171250896915,0.6759
1,"rs12125666",40055892,"G",-0.01886,0.0587905236907731,0.7484
1,"1:40055988:D",40055988,"D",-0.01774,0.0194581550948777,0.3619
1,"rs12040726",40056115,"T",-0.01304,0.0193644193644194,0.5007
1,"rs2695319",40056700,"C",0.01085,0.0164095583787054,0.5085
1,"rs113825410",40057543,"G",0.01085,0.0164095583787054,0.5085
1,"rs61781375",40059053,"C",-0.006548,0.0219584171696848,0.7656
1,"rs2746056",40059778,"G",0.02765,0.0201383831026948,0.1699
1,"rs76841360",40060025,"A",-0.002913,0.0235489086499596,0.9015
1,"rs4660303",40060473,"A",-0.004265,0.0236288088642659,0.8568
1,"rs61781376",40061069,"T",0.02917,0.0662202043132804,0.6596
1,"rs2695327",40063213,"G",0.01177,0.0164179104477612,0.4735
1,"rs2746050",40064661,"T",-0.04315,0.0327141774071266,0.1872
1,"rs6685178",40064766,"A",-0.0193,0.0677668539325843,0.7758
1,"rs12037222",40064961,"A",0.01498,0.0170595604145314,0.3799
1,"rs74504886",40065616,"A",0.02923,0.0201586206896552,0.1471
1,"rs6704004",40066276,"G",0.02043,0.06650390625,0.7587
1,"rs6704064",40066286,"G",-0.03199,0.0359317084128945,0.3733
1,"rs2310799",40066622,"A",0.02154,0.0166332046332046,0.1954
1,"1:40067025:D",40067025,"D",0.01564,0.0659359190556492,0.8125
1,"rs12036846",40067211,"C",0.01292,0.0219914893617021,0.5569
1,"rs6695630",40067911,"G",0.02415,0.0162955465587045,0.1385
1,"rs183901687",40069206,"A",0.01533,0.0658222413052812,0.8158
1,"rs2746052",40069285,"C",0.02071,0.0178997407087295,0.2473
1,"rs71642691",40069368,"C",0.01191,0.0225696418419557,0.5978
1,"rs145765908",40069562,"A",0.01127,0.0487667676330593,0.8172
1,"rs114375161",40069739,"C",0.01191,0.0225696418419557,0.5978
1,"rs3916164",40069939,"A",-0.04066,0.038,0.2848
1,"rs77206185",40070198,"T",0.02234,0.0163065693430657,0.1708
1,"rs6672296",40070788,"C",0.03033,0.0195173745173745,0.1203
1,"rs2695326",40071249,"G",0.008125,0.0659496753246753,0.902
1,"rs34352137",40071747,"G",0.0352,0.0413631022326675,0.3948
1,"rs113879410",40073011,"C",-0.04066,0.038,0.2848
1,"rs12061406",40073479,"T",0.02354,0.0163132363132363,0.149
1,"rs2695325",40073629,"G",-0.02725,0.0349135169762972,0.4351
1,"rs12041645",40074650,"C",0.008125,0.0659496753246753,0.902
1,"rs115338773",40075213,"G",-0.04334,0.0355537325676784,0.2228
1,"rs11206430",40075367,"G",0.02354,0.0163132363132363,0.149
1,"rs61781377",40075458,"T",0.03033,0.0195173745173745,0.1203
1,"rs75775619",40075647,"A",0.02967,0.0392928088994835,0.4502
1,"rs61781390",40075894,"A",-0.01816,0.0201710540930801,0.368
1,"1:40076089:I",40076089,"I",0.01191,0.0225696418419557,0.5978
1,"rs12021965",40076110,"T",0.02616,0.0381619256017505,0.4931
1,"rs12136381",40076273,"G",0.01191,0.0225696418419557,0.5978
1,"rs12042823",40076321,"A",0.03079,0.0166612554112554,0.06467
1,"rs34072477",40076517,"G",-0.0002215,0.0193618881118881,0.9909
1,"rs116352416",40076769,"T",0.003755,0.0263508771929825,0.8867
1,"rs28788506",40076780,"A",0.0302,0.0195216548157725,0.1219
1,"rs28876728",40076842,"C",0.03011,0.019539260220636,0.1233
1,"rs6686218",40077306,"C",0.01191,0.0225696418419557,0.5978
1,"rs61781391",40077537,"A",0.01084,0.0656969696969697,0.8689
1,"rs6678086",40077580,"C",0.01084,0.0656969696969697,0.8689
1,"rs114743933",40077941,"G",0.0302,0.0195216548157725,0.1219
1,"rs115077616",40077949,"A",0.03079,0.0166612554112554,0.06467
1,"rs114276948",40077991,"T",-0.0005309,0.0193759124087591,0.9781
1,"rs142272661",40078000,"G",0.03079,0.0166612554112554,0.06467
1,"rs11206434",40078167,"G",0.01179,0.0225862068965517,0.6017
1,"rs114113306",40078396,"C",0.01084,0.0656969696969697,0.8689
1,"rs11206436",40078447,"C",0.009506,0.0658310249307479,0.8852
1,"rs11206437",40078711,"C",0.02982,0.0601573532378455,0.6201
1,"rs11206442",40078915,"T",0.003755,0.0263508771929825,0.8867
1,"rs11206444",40078971,"A",0.02912,0.0195305164319249,0.1361
1,"rs4660311",40079114,"G",0.003755,0.0263508771929825,0.8867
1,"rs11206445",40079196,"T",0.02912,0.0195305164319249,0.1361
1,"rs4660877",40079246,"T",0.01084,0.0656969696969697,0.8689
1,"rs11206446",40079252,"C",0.02793,0.0166746268656716,0.09391
1,"rs115269957",40079259,"T",0.01084,0.0656969696969697,0.8689
1,"rs3088326",40079462,"T",0.0234,0.0163066202090592,0.1513
1,"rs74631602",40079718,"C",0.03247,0.061010898158587,0.5946
1,"1:40081253:D",40081253,"D",0.02515,0.0382102704345184,0.5104
1,"rs1180321",40081463,"T",0.01084,0.0656969696969697,0.8689
1,"rs114148057",40081862,"T",0.003724,0.0263552724699221,0.8876
1,"rs1180320",40082002,"G",0.01084,0.0656969696969697,0.8689
1,"rs116061985",40083107,"A",0.01084,0.0656969696969697,0.8689
1,"rs17559902",40083476,"G",0.01166,0.022579395817196,0.6056
1,"rs61781392",40083641,"A",-0.02679,0.0341230416507451,0.4324
1,"rs12567371",40083666,"G",0.02279,0.0163252148997135,0.1628
1,"rs6600293",40083819,"A",0.009506,0.0658310249307479,0.8852
1,"rs11206458",40083971,"A",0.0302,0.0195216548157725,0.1219
1,"rs12045644",40084488,"T",0.0234,0.0163066202090592,0.1513
1,"rs72663563",40084605,"T",0.009506,0.0658310249307479,0.8852
1,"rs10888883",40084884,"A",0.0234,0.0163066202090592,0.1513
1,"rs10888884",40084900,"G",0.009506,0.0658310249307479,0.8852
1,"rs77189247",40085084,"A",0.0302,0.0195216548157725,0.1219
1,"rs10888885",40085095,"T",0.009506,0.0658310249307479,0.8852
1,"rs79695477",40085885,"G",0.0302,0.0195216548157725,0.1219
1,"rs6690413",40086292,"C",0.003812,0.0263259668508287,0.8849
1,"rs61232586",40086357,"T",0.02699,0.0606789568345324,0.6565
1,"rs61781393",40087764,"A",0.01084,0.0656969696969697,0.8689
1,"rs17343290",40088043,"A",0.009506,0.0658310249307479,0.8852
1,"rs16826393",40088512,"T",0.02398,0.016312925170068,0.1415
1,"rs77962326",40088630,"T",0.0302,0.0195216548157725,0.1219
1,"rs12029569",40088816,"A",0.0302,0.0195216548157725,0.1219
1,"rs75189707",40088817,"A",-0.04193,0.0355038103302286,0.2374
1,"rs12022423",40089370,"T",0.03277,0.060361024129674,0.5872
1,"rs12030495",40089595,"T",0.0302,0.0195216548157725,0.1219
1,"rs6587",40089945,"G",0.01166,0.022579395817196,0.6056
1,"rs41264497",40090422,"G",0.02925,0.0195390781563126,0.1344
1,"rs41264499",40090805,"G",0.0316,0.0613354037267081,0.6065
1,"rs11206478",40091119,"G",0.03033,0.0195173745173745,0.1203
1,"rs76976925",40093305,"T",0.01166,0.022579395817196,0.6056
1,"rs1180317",40094689,"A",0.01166,0.022579395817196,0.6056
1,"rs6694831",40095493,"A",0.0316,0.0613354037267081,0.6065
1,"rs1148945",40096053,"C",0.01166,0.022579395817196,0.6056
1,"rs10888893",40096403,"G",0.009506,0.0658310249307479,0.8852
1,"1:40096978:I",40096978,"I",0.02932,0.0195336442371752,0.1335
1,"rs11206504",40097136,"C",0.009506,0.0658310249307479,0.8852
1,"rs3820615",40097518,"T",0.004352,0.0263119709794438,0.8686
1,"rs12142334",40097863,"G",0.01998,0.061044912923923,0.7434
1,"rs58043961",40098054,"A",0.03033,0.0195173745173745,0.1203
1,"rs1148944",40098577,"C",0.01084,0.0656969696969697,0.8689
1,"rs142989794",40098624,"T",0.009065,0.0226398601398601,0.6889
1,"rs74733318",40099619,"T",-0.02794,0.0357380404195446,0.4344
1,"rs1148943",40100096,"A",-0.02468,0.0346385964912281,0.4762
1,"rs1148942",40100912,"G",0.01084,0.0656969696969697,0.8689
1,"rs4660888",40100925,"C",-0.02725,0.0349135169762972,0.4351
1,"rs1148941",40101513,"T",0.0316,0.0613354037267081,0.6065
1,"rs142563092",40102024,"T",0.03023,0.019541047188106,0.1218
1,"rs10888899",40102489,"T",0.01084,0.0656969696969697,0.8689
1,"rs10888900",40102697,"T",0.03059,0.0195213784301213,0.1172
1,"rs12022780",40102780,"G",0.0316,0.0613354037267081,0.6065
1,"rs784623",40104461,"T",0.01084,0.0656969696969697,0.8689
1,"rs4660892",40104584,"A",-0.02041,0.0335359842260927,0.5428
1,"rs784622",40104814,"G",0.03033,0.0195173745173745,0.1203
1,"rs2294930",40105011,"T",0.02861,0.0167016929363689,0.08676
1,"rs1180280",40106095,"A",0.01084,0.0656969696969697,0.8689
1,"rs3754353",40106514,"G",0.01084,0.0656969696969697,0.8689
1,"rs784621",40106785,"T",0.02902,0.0194634473507713,0.1361
1,"rs76490025",40107621,"T",0.03033,0.0195173745173745,0.1203
1,"rs71518428",40107686,"G",0.02355,0.0163201663201663,0.1489
1,"rs151028092",40107687,"A",0.01084,0.0656969696969697,0.8689
1,"1:40109048:D",40109048,"D",0.009506,0.0658310249307479,0.8852
1,"rs1180279",40109404,"C",0.03033,0.0195173745173745,0.1203
1,"rs116148615",40109609,"C",0.01166,0.022579395817196,0.6056
1,"rs12402338",40110043,"T",0.03065,0.041446923597025,0.4596
1,"rs1180278",40110317,"C",0.005793,0.0263557779799818,0.8261
1,"rs141005116",40110367,"T",0.02653,0.0382828282828283,0.4883
1,"rs12562823",40110750,"C",0.008357,0.0660632411067194,0.8994
1,"rs78221078",40112055,"A",0.02932,0.0195336442371752,0.1335
1,"rs3887860",40112371,"C",-0.02725,0.0349135169762972,0.4351
1,"rs784619",40112610,"A",0.008357,0.0660632411067194,0.8994
1,"rs60241113",40112820,"G",0.02673,0.0163286499694563,0.1016
1,"rs784618",40113741,"A",0.02667,0.0195241581259151,0.1721
1,"rs12130543",40115257,"T",0.02609,0.0195138369483919,0.1814
1,"rs813052",40115514,"A",0.02432,0.0163112005365526,0.1359
1,"rs12025336",40116412,"T",0.03101,0.0166720430107527,0.06292
1,"rs57353077",40116470,"A",0.005179,0.0263965341488277,0.8444
1,"rs1180277",40117210,"C",0.008357,0.0660632411067194,0.8994
1,"rs12132645",40117423,"T",0.02937,0.0191835401698236,0.1259
1,"rs1182964",40118037,"T",0.02227,0.0162911485003658,0.1717
1,"rs1180276",40118076,"A",0.02381,0.0163193968471556,0.1445
1,"rs784616",40118553,"C",0.02667,0.0195241581259151,0.1721
1,"rs7542429",40118757,"A",0.0311,0.0166756032171582,0.06222
1,"rs11206525",40118898,"A",0.0311,0.0166756032171582,0.06222
1,"rs114330893",40119207,"T",0.02724,0.0191966173361522,0.156
1,"rs114874962",40119293,"A",0.01021,0.0263144329896907,0.698
1,"rs116763700",40119975,"T",0.008357,0.0660632411067194,0.8994
1,"rs1180275",40120085,"T",0.03244,0.0612422125731546,0.5963
1,"rs60732964",40120231,"T",-0.02534,0.0349372673376534,0.4683
1,"1:40120606:D",40120606,"D",0.03244,0.0612422125731546,0.5963
1,"rs1180273",40120866,"T",0.01702,0.0227054429028815,0.4535
1,"rs784614",40121354,"G",0.008357,0.0660632411067194,0.8994
1,"1:40121746:D",40121746,"D",-0.02534,0.0349372673376534,0.4683
1,"rs784612",40122939,"T",0.03105,0.0166756176154672,0.0627
1,"rs72663598",40123294,"G",-0.02346,0.0349523241954708,0.5021
1,"rs61781399",40123646,"T",0.02443,0.0163193052772211,0.1345
1,"rs17264901",40125325,"T",0.02627,0.0194592592592593,0.1772
1,"rs1180272",40125397,"G",0.02667,0.0195241581259151,0.1721
1,"rs3851911",40125704,"C",0.04112,0.0388290840415486,0.2896
1,"rs61781400",40125764,"C",0.0179,0.0227099720883025,0.4306
1,"rs784611",40125988,"T",0.02414,0.0163218390804598,0.1391
1,"rs56009058",40128046,"G",-0.02534,0.0349372673376534,0.4683
1,"rs115874855",40128052,"T",0.02955,0.0195436507936508,0.1307
1,"rs4660340",40129066,"A",0.008357,0.0660632411067194,0.8994
1,"1:40129377:D",40129377,"R",0.02829,0.0610355987055016,0.643
1,"rs1180270",40129893,"C",0.008357,0.0660632411067194,0.8994
1,"rs12406284",40130993,"C",-0.0008914,0.0192402331102957,0.9631
1,"rs734497",40131089,"T",0.01093,0.0658037326911499,0.8681
1,"1:40132378:D",40132378,"D",0.02522,0.0576062128825948,0.6616
1,"rs873917",40132795,"T",-0.002103,0.0622189349112426,0.973
1,"rs58397081",40133106,"T",0.02943,0.0195548172757475,0.1323
1,"rs784595",40135017,"C",0.02966,0.01955174686882,0.1293
1,"rs784597",40136070,"C",0.008834,0.0193050699300699,0.6473
1,"rs1568146",40136928,"C",0.0179,0.0227099720883025,0.4306
1,"rs1535031",40137251,"A",-0.02346,0.0349523241954708,0.5021
1,"rs2871601",40137754,"A",0.006166,0.0199482368165642,0.7572
1,"rs6672154",40138097,"T",-0.02534,0.0349372673376534,0.4683
1,"rs28667717",40138114,"C",0.008252,0.0193029239766082,0.669
1,"rs1533479",40138123,"A",-0.02534,0.0349372673376534,0.4683
1,"rs3806428",40138245,"A",0.01882,0.0227184934814099,0.4075
1,"rs3806429",40138345,"A",-0.01296,0.0670460424211071,0.8467
1,"rs784599",40138507,"A",0.02904,0.0195687331536388,0.1378
1,"1:40138524:I",40138524,"I",0.02229,0.0401115709915422,0.5784
1,"rs3806431",40138602,"T",-0.005366,0.0201350844277674,0.7898
1,"rs3806432",40138618,"A",0.02833,0.0195514147688061,0.1473
1,"1:40139358:D",40139358,"D",0.02667,0.0192146974063401,0.1652
1,"1:40139360:D",40139360,"D",0.02821,0.0195495495495495,0.1492
1,"rs784600",40139553,"T",0.01052,0.0240347269819511,0.6616
1,"rs3806433",40139694,"G",0.07906,0.0621052631578947,0.2029
1,"rs3806434",40139771,"G",0.02032,0.0161783439490446,0.2093
1,"rs784601",40140121,"A",0.03571,0.0406673499601412,0.3799
1,"rs12567273",40140122,"C",0.02788,0.0401266551525619,0.4872
1,"rs784602",40140182,"A",-0.009411,0.0666501416430595,0.8877
1,"rs10888919",40140559,"T",0.02048,0.0161897233201581,0.206
1,"rs784603",40140660,"T",0.02716,0.0196101083032491,0.1661
1,"rs9660065",40140921,"G",0.02481,0.0166510067114094,0.1362
1,"rs12748686",40141049,"C",-0.0007323,0.022984934086629,0.9746
1,"rs6659306",40141513,"A",-0.009411,0.0666501416430595,0.8877
1,"rs56090554",40141835,"C",-0.0009815,0.0229913328648395,0.9659
1,"rs12117848",40141851,"T",-0.02017,0.0351822780394209,0.5665
1,"rs9438931",40142041,"T",0.02403,0.0196003262642741,0.2202
1,"rs784627",40142295,"C",0.02093,0.0166507557677009,0.2089
1,"rs16826440",40143259,"T",0.01865,0.0161892361111111,0.2494
1,"rs6663003",40143327,"C",-0.002475,0.0366775340841731,0.9462
1,"rs145830471",40143815,"A",0.02403,0.0196003262642741,0.2202
1,"rs12085002",40143869,"A",0.0187,0.0161904761904762,0.2482
1,"1:40144048:I",40144048,"R",-0.0003876,0.0230029673590504,0.9866
1,"rs11206607",40144089,"A",0.0001924,0.0665053577601106,0.9977
1,"rs784628",40144090,"A",0.02493,0.0196299212598425,0.2041
1,"rs11206608",40144097,"C",0.02403,0.0196003262642741,0.2202
1,"rs10465833",40144301,"C",0.0001924,0.0665053577601106,0.9977
1,"rs1062103",40144486,"C",0.02655,0.0195652173913043,0.1749
1,"rs10839",40144818,"T",0.0002601,0.0230176991150442,0.991
1,"1:40144857:I",40144857,"I",0.03393,0.0179904559915164,0.05929
1,"rs6703320",40145297,"T",0.03008,0.0179582089552239,0.0939
1,"rs12039225",40145616,"C",0.0001924,0.0665053577601106,0.9977
1,"rs17560858",40145850,"C",0.009061,0.0234740932642487,0.6995
1,"rs784629",40146253,"T",0.02935,0.0408945241744461,0.473
1,"rs736009",40146417,"T",0.009061,0.0234740932642487,0.6995
1,"rs10888929",40147343,"T",-0.008958,0.0422347949080622,0.832
1,"rs41301064",40147760,"C",0.0409,0.0399024390243902,0.3052
1,"rs41312032",40147817,"A",0.006714,0.0181655844155844,0.7117
1,"rs2310801",40148618,"T",-0.02233,0.0176243093922652,0.2053
1,"rs34325753",40148780,"C",0.0407,0.0408675569836329,0.3193
1,"rs4459101",40148787,"A",-0.003554,0.0185878661087866,0.8484
1,"rs784632",40148809,"C",0.02468,0.0276774700011215,0.3726
1,"rs36043415",40148813,"A",0.03683,0.0406019182008599,0.3644
1,"rs784633",40149515,"A",0.03683,0.0406019182008599,0.3644
1,"rs11206617",40149551,"C",-0.003554,0.0185878661087866,0.8484
1,"rs784634",40149642,"G",0.03683,0.0406019182008599,0.3644
1,"rs113763288",40149870,"C",-0.003476,0.0185882352941176,0.8517
1,"rs113459798",40149875,"T",0.03665,0.0416998520878371,0.3795
1,"rs9662102",40149971,"A",0.0357,0.0404670142824756,0.3777
1,"rs9662128",40150156,"A",-0.02214,0.0178404512489927,0.2147
1,"rs2746058",40150370,"C",0.03701,0.0417296200248055,0.3752
1,"rs2746059",40150523,"G",0.03242,0.0410120177103099,0.4292
1,"rs2090434",40150572,"C",0.01368,0.0167811579980373,0.415
1,"rs2090435",40150664,"A",0.01535,0.0171777081468218,0.3716
1,"rs61779760",40150770,"G",0.0002187,0.0186763450042699,0.9907
1,"rs142483715",40151278,"G",0.0005906,0.0186250394197414,0.9747
1,"rs12403162",40151426,"T",-0.01562,0.0201730595376469,0.4388
1,"rs6699019",40151483,"G",0.004052,0.0185616124599175,0.8272
1,"rs28450145",40151509,"A",0.02852,0.0405401563610519,0.4818
1,"1:40151562:D",40151562,"D",-0.02696,0.0172599231754161,0.1183
1,"rs6688223",40151668,"A",0.01636,0.0171776564468711,0.3409
1,"rs6699240",40151726,"A",0.003937,0.0185619990570486,0.832
1,"rs6675787",40151793,"T",0.01535,0.0171777081468218,0.3716
1,"rs6690939",40151810,"T",0.0937,0.0619708994708995,0.1306
1,"rs2871617",40151910,"C",0.02852,0.0405401563610519,0.4818
1,"rs2248221",40152117,"A",0.00836,0.0185119574844996,0.6515
1,"rs2248303",40152344,"C",0.0002187,0.0186763450042699,0.9907
1,"rs785108",40152676,"C",-0.001738,0.0184207737148914,0.9248
1,"rs477913",40153141,"C",-0.0269,0.0172879177377892,0.1196
1,"rs785109",40153396,"G",0.02852,0.0405401563610519,0.4818
1,"rs508543",40154183,"G",0.0001424,0.0186901168132301,0.9939
1,"rs41536844",40154634,"T",0.007441,0.0186164623467601,0.6894
1,"rs536003",40154898,"A",0.008894,0.0185407546383156,0.6314
1,"rs785113",40154983,"T",0.008894,0.0185407546383156,0.6314
1,"rs538758",40155188,"G",0.000186,0.0186803253992166,0.9921
1,"rs785114",40155486,"A",-0.03321,0.0181277292576419,0.06702
1,"rs564249",40155623,"A",-0.0004016,0.0186703858670386,0.9828
1,"rs785115",40155732,"G",-0.03347,0.018121277747699,0.06486
1,"rs568072",40156092,"T",-0.0005106,0.0186827661909989,0.9782
1,"rs568111",40156108,"T",0.009382,0.0176486079759217,0.595
1,"rs482326",40156476,"G",0.02342,0.040709195202503,0.5651
1,"rs3754351",40156555,"A",0.0243,0.0406694560669456,0.5502
1,"rs59796683",40156767,"C",3.31e-05,0.0186059584035975,0.9986
1,"rs61310802",40156778,"G",0.02026,0.0166474938373048,0.2238
1,"rs60297197",40157143,"T",0.1004,0.0621671826625387,0.1064
1,"rs16865656",40157260,"A",-0.005802,0.018825438027255,0.758
1,"rs61779763",40157554,"T",0.0105,0.0167170832669957,0.53
1,"rs72665235",40157643,"T",0.01988,0.0345258770406391,0.5648
1,"rs41264511",40158374,"G",0.003216,0.0288430493273543,0.9112
1,"rs546422",40158828,"T",0.01087,0.0167359507313318,0.5161
1,"rs785116",40159175,"A",-0.002211,0.0187531806615776,0.9061
1,"rs532042",40159658,"T",0.001825,0.0288355190393427,0.9495
1,"rs704771",40161013,"A",0.0135,0.0164594001463058,0.4121
1,"rs111628182",40161769,"A",-0.0242,0.017820324005891,0.1746
1,"rs4142010",40166020,"T",-0.004871,0.0188506191950464,0.7961
1,"rs55968964",40168072,"C",0.006641,0.0178665590529997,0.7101
1,"rs12565115",40168587,"T",-0.01924,0.0178976744186047,0.2826
1,"rs704775",40168804,"T",0.005872,0.0172756693145043,0.734
1,"rs532392",40169566,"T",0.00267,0.0287715517241379,0.9261
1,"rs536827",40169724,"A",-0.01964,0.0179033728350046,0.2728
1,"rs540483",40170124,"G",0.01248,0.0165913320925286,0.452
1,"rs79056439",40170143,"C",-0.003652,0.0190804597701149,0.8483
1,"rs12120460",40170389,"C",-0.01964,0.0179033728350046,0.2728
1,"1:40170559:I",40170559,"I",0.01248,0.0165913320925286,0.452
1,"rs501321",40170654,"G",-0.006501,0.0189312754804892,0.7313
1,"rs704776",40170878,"T",-0.0001555,0.0188942891859052,0.9934
1,"rs569981",40171071,"A",-0.01612,0.0179031541537095,0.3679
1,"rs17561720",40171226,"T",-0.003599,0.0357753479125249,0.9198
1,"rs785118",40171871,"A",-0.005265,0.0189456639078805,0.7811
1,"rs35755643",40172458,"A",0.01102,0.0164674237895995,0.5034
1,"rs66680894",40172887,"A",-0.01614,0.0184879725085911,0.3827
1,"rs482895",40173018,"A",0.007531,0.0164684014869888,0.6475
1,"rs479303",40173354,"A",-0.001572,0.0187611886860007,0.9332
1,"rs536701",40174547,"A",0.003336,0.0187310499719259,0.8587
1,"rs2310748",40175924,"G",-0.01183,0.0204247237569061,0.5625
1,"rs500610",40176046,"C",-0.006901,0.0204111209701272,0.7353
1,"rs499976",40176412,"C",-0.01137,0.020482795892632,0.5789
1,"rs692934",40176758,"A",-0.0001904,0.0187956564659427,0.9919
1,"1:40176870:I",40176870,"I",0.002709,0.0226126878130217,0.9046
1,"1:40177487:I",40177487,"I",0.003819,0.0226244075829384,0.8659
1,"rs74884588",40177498,"A",0.006174,0.0226071036250458,0.7848
1,"1:40178099:I",40178099,"I",-0.02624,0.0163795255930087,0.1093
1,"rs785119",40178268,"G",-0.02549,0.0165304798962386,0.1232
1,"rs12404759",40178572,"A",-0.01878,0.0165608465608466,0.257
1,"rs16826508",40179431,"C",-0.01869,0.0165691489361702,0.2593
1,"rs72936910",40179614,"C",-0.02253,0.016314265025344,0.1674
1,"rs546295",40180080,"T",0.02736,0.0162663495838288,0.09269
1,"rs545367",40180181,"T",0.02736,0.0162663495838288,0.09269
1,"rs6671934",40180512,"G",0.02832,0.0162665134979897,0.08177
1,"rs6671959",40180565,"T",0.02832,0.0162665134979897,0.08177
1,"1:40180750:I",40180750,"I",-0.01609,0.0162854251012146,0.3232
1,"rs185105954",40180751,"A",0.3461,0.0275776892430279,8.93e-36
1,"rs12128958",40180776,"T",0.05726,0.0336427732079906,0.08876
1,"rs6684991",40180919,"G",0.02216,0.0212260536398467,0.2967
1,"rs11206672",40182284,"T",0.1119,0.0162598081952921,6.37e-12
1,"rs11206675",40182546,"G",0.1585,0.0166316894018888,2.08e-21
1,"rs570639",40182555,"A",0.1843,0.0162522045855379,1.47e-29
1,"rs11206676",40182672,"T",0.08381,0.0270616725863739,0.00196
1,"rs16826510",40183207,"G",0.08355,0.027091439688716,0.00205
1,"rs704781",40183228,"G",0.07543,0.0273594486760972,0.005841
1,"rs479471",40183691,"T",0.1655,0.0175745991292344,6.08e-21
1,"rs10158739",40183702,"A",0.1845,0.0162555066079295,1.34e-29
1,"rs537515",40183892,"C",0.07983,0.0273484069886948,0.00352
1,"rs481423",40183922,"T",0.08436,0.027107969151671,0.001866
1,"rs532136",40184448,"A",0.1665,0.017578125,3.61e-21
1,"rs11206678",40184722,"T",0.08686,0.0270423412204234,0.001325
1,"1:40184722:D",40184722,"D",0.166,0.0175754367390154,4.68e-21
1,"rs704782",40184733,"G",0.1664,0.0175694224474712,3.65e-21
1,"rs506424",40184988,"G",0.1633,0.017572366297213,1.92e-20
1,"rs16837516",40185000,"A",0.189,0.0162650602409639,5.98e-31
1,"rs476001",40185956,"G",0.1686,0.0175278095436116,8.89e-22
1,"1:40186040:I",40186040,"I",0.189,0.0162650602409639,5.68e-31
1,"rs475127",40186041,"A",0.1684,0.0175215898449693,9.55e-22
1,"rs475124",40186042,"A",0.1687,0.0175108988997301,7.67e-22
1,"rs66686675",40186176,"G",0.1893,0.0162489270386266,4.48e-31
1,"rs56075281",40187063,"T",0.1893,0.0162489270386266,4.48e-31
1,"rs527922",40187721,"G",0.1672,0.0175225319639489,1.85e-21
1,"rs12138312",40187807,"T",0.1893,0.0162489270386266,4.48e-31
1,"rs704784",40188113,"C",0.1639,0.0166126089600649,8.05e-23
1,"rs78938188",40188316,"A",0.08623,0.0271163522012579,0.001477
1,"rs12043172",40188777,"T",-0.186,0.0162872154115587,5.69e-30
1,"rs12036156",40188887,"C",0.1878,0.0162597402597403,1.34e-30
1,"rs12406805",40190102,"A",0.1671,0.0175396242258843,2.13e-21
1,"rs56034549",40190533,"A",-0.179,0.0252397067117879,1.44e-12
1,"rs2746051",40190948,"A",0.1878,0.0162597402597403,1.34e-30
1,"rs2780907",40190950,"T",0.1626,0.01662916751892,1.9e-22
1,"rs485106",40191566,"G",0.08623,0.0271163522012579,0.001477
1,"1:40191811:D",40191811,"D",0.1665,0.0175669972568052,3.4e-21
1,"rs59059603",40193682,"C",0.1612,0.0166322740404457,4.39e-22
1,"rs11579412",40193772,"G",0.1617,0.0166289592760181,3.24e-22
1,"rs11206705",40194548,"C",0.08602,0.0271185372005044,0.00152
1,"rs515141",40194554,"C",0.08602,0.0271185372005044,0.00152
1,"1:40194764:D",40194764,"D",0.1876,0.0162705984388552,1.62e-30
1,"rs527117",40194769,"A",0.1684,0.017607695524885,1.5e-21
1,"rs539853",40194903,"A",0.08222,0.0273246925889,0.00263
1,"rs34154876",40195031,"A",0.1706,0.017584003298289,3.97e-22
1,"rs7536524",40195563,"C",0.1699,0.0176153447382063,6.89e-22
1,"rs704785",40195574,"G",0.1635,0.0166446095897384,1.22e-22
1,"rs11580459",40195654,"G",0.1618,0.0166478032719416,3.38e-22
1,"rs576522",40196617,"G",0.09003,0.0268425760286225,0.0007994
1,"rs12564223",40196857,"G",0.1693,0.0176225668783179,9.96e-22
1,"rs785105",40196870,"C",0.1692,0.0176194939081537,1.03e-21
1,"rs511522",40197248,"C",0.1883,0.0162607944732297,9.94e-31
1,"rs512315",40197305,"C",0.1825,0.0163237924865832,8.38e-29
1,"1:40197531:I",40197531,"R",0.1879,0.0162683982683983,1.33e-30
1,"rs785107",40197994,"C",0.0873,0.027153965785381,0.001309
1,"rs75510977",40198629,"T",0.1682,0.0176254846484334,1.83e-21
1,"rs67443858",40198773,"A",0.08139,0.0274409979770735,0.003023
1,"rs16826537",40199346,"G",0.1685,0.0176255230125523,1.57e-21
1,"rs704787",40199854,"A",0.1834,0.0164779874213836,1.49e-28
1,"rs535333",40201007,"A",0.1624,0.0166666666666667,2.66e-22
1,"rs12074147",40203722,"C",0.1753,0.0165533522190746,5.34e-26
1,"rs514868",40203928,"G",0.1692,0.0176323468111713,1.11e-21
1,"rs7513045",40204166,"T",0.1687,0.0176059277812565,1.26e-21
1,"rs7548120",40204424,"T",0.1692,0.0166208251473477,3.64e-24
1,"rs3738673",40204823,"T",0.1874,0.0162814943527368,2.03e-30
1,"1:40205127:D",40205127,"D",0.0545,0.0208732286480276,0.009055
1,"rs11809515",40205326,"A",0.06279,0.0284503851381966,0.02733
1,"rs6664570",40206298,"A",0.06279,0.0284503851381966,0.02733
1,"rs580699",40206510,"A",0.06279,0.0284503851381966,0.02733
1,"rs497333",40207169,"T",0.05545,0.0209561602418745,0.00817
1,"rs491164",40209408,"G",0.06556,0.028307426597582,0.02059
1,"rs510601",40210055,"G",0.05287,0.0210385992837246,0.01199
1,"rs12410995",40210116,"T",0.056,0.0284842319430315,0.04933
1,"rs12086750",40210468,"C",0.04326,0.0255371900826446,0.09024
1,"rs10888958",40211737,"C",0.07839,0.0177232647524305,9.88e-06
1,"rs570045",40211926,"G",0.3516,0.0274473067915691,3.54e-37
1,"rs9787249",40212878,"A",0.352,0.0273716951788491,1.78e-37
1,"rs476494",40212957,"T",0.3443,0.0276768488745981,3.4e-35
1,"rs58589165",40213670,"T",0.3096,0.0365008252770573,2.64e-17
1,"rs56064244",40213890,"T",0.3498,0.027565011820331,1.64e-36
1,"rs41267029",40214367,"G",0.3498,0.0275867507886435,1.77e-36
1,"rs553057",40214375,"G",0.364,0.0227215980024969,8.68e-57
1,"rs7520588",40214525,"A",0.3443,0.0276768488745981,3.45e-35
1,"rs7518431",40214944,"G",0.3096,0.0365008252770573,2.64e-17
1,"rs34701288",40215177,"G",0.3499,0.0275511811023622,1.44e-36
1,"rs11206754",40216234,"G",0.2866,0.0422526905499042,1.26e-11
1,"rs501523",40216993,"G",0.3641,0.0226853582554517,5.25e-57
1,"rs12239844",40217258,"C",0.3096,0.0365008252770573,2.64e-17
1,"rs1046988",40219065,"T",0.3074,0.0285687732342007,8.36e-27
1,"rs14528",40219280,"C",0.3615,0.0227215587680704,4.31e-56
1,"rs6670841",40220284,"G",0.03337,0.0275785123966942,0.2262
1,"rs10888962",40220445,"A",0.03109,0.0266409597257926,0.2434
1,"rs7547787",40220806,"A",0.01324,0.0393579072532699,0.7366
1,"rs2274949",40221067,"A",-0.03516,0.0187820512820513,0.06122
1,"rs506333",40221464,"T",-0.01279,0.0273524379811805,0.6401
1,"rs502657",40221855,"C",0.0171,0.0539602398232881,0.7514
1,"rs3820618",40223128,"C",-0.0006461,0.0560364267129228,0.9908
1,"rs804252",40224087,"T",0.01324,0.0393579072532699,0.7366
1,"rs562056",40225621,"C",-0.01293,0.0273419327553394,0.6363
1,"rs12094291",40226046,"A",0.001367,0.0280986639260021,0.9612
1,"rs573001",40226743,"G",-0.03099,0.0186126126126126,0.0959
1,"rs28405581",40227057,"G",-0.01293,0.0273419327553394,0.6363
1,"rs570027",40227119,"T",0.001367,0.0280986639260021,0.9612
1,"rs230284",40258993,"G",-0.03996,0.0170187393526405,0.0189
1,"1:40260394:I",40260394,"R",0.01324,0.0393579072532699,0.7366
1,"rs230288",40260447,"A",-0.01392,0.0273316316512861,0.6106
1,"rs230289",40260588,"G",-0.024,0.0163487738419619,0.1423
1,"1:40262063:D",40262063,"R",0.01895,0.0314001657000829,0.5462
1,"1:40262102:D",40262102,"D",-0.0006461,0.0560364267129228,0.9908
1,"rs230293",40262993,"T",-0.0006461,0.0560364267129228,0.9908
1,"1:40263298:I",40263298,"R",-0.03749,0.0188297338021095,0.04647
1,"rs7547532",40263995,"A",-0.01952,0.0200266748743203,0.3297
1,"rs230297",40264400,"G",-0.03749,0.0188297338021095,0.04647
1,"rs74069168",40265356,"T",0.03829,0.0519609173564934,0.4612
1,"rs12745158",40268085,"C",0.01324,0.0393579072532699,0.7366
1,"rs12744042",40268120,"G",-0.04526,0.0204426377597109,0.02689
1,"rs12726566",40268124,"A",-0.04729,0.0488079265146042,0.3326
1,"rs2780911",40269011,"A",-0.01704,0.01704,0.3171
1,"rs12749446",40269121,"A",-0.03516,0.0187820512820513,0.06122
1,"rs4660994",40269248,"T",-0.02375,0.0163454920853407,0.1462
1,"rs6670687",40271565,"G",0.03695,0.0302868852459016,0.2226
1,"rs2676695",40272300,"T",-0.01704,0.01704,0.3171
1,"rs4660995",40273938,"T",-0.01344,0.0273727087576375,0.6234
1,"rs7531010",40275071,"A",-0.01887,0.0170614828209765,0.2688
1,"rs11585073",40275089,"T",-0.02266,0.02666509767004,0.3955
1,"rs2745530",40275120,"G",0.01324,0.0393579072532699,0.7366
1,"rs2676698",40275241,"A",-0.03099,0.0186126126126126,0.0959
1,"rs2676697",40275549,"T",-0.03797,0.0203048128342246,0.06147
1,"rs12084017",40276348,"A",0.04978,0.0311125,0.1097
1,"rs12745951",40276520,"C",-0.00969,0.0272573839662447,0.7223
1,"rs35152564",40276937,"G",0.03627,0.0300995850622407,0.2281
1,"rs66865670",40277322,"C",-0.01491,0.0289458357600466,0.6065
1,"rs3119996",40277493,"C",0.00175,0.0538295908951092,0.9741
1,"rs78919458",40277546,"T",-0.001636,0.0561042524005487,0.9767
1,"rs554269",40278017,"A",-0.04401,0.0205654205607477,0.03242
1,"rs4660998",40278081,"T",-0.03365,0.0188409854423292,0.0742
1,"rs4660999",40278232,"T",-0.02524,0.0501390544298768,0.6147
1,"rs6600297",40279602,"T",-0.03821,0.0169973309608541,0.02459
1,"rs6680405",40279797,"A",0.03816,0.0302377179080824,0.2072
1,"rs75889236",40279909,"G",-0.03435,0.0188322368421053,0.06825
1,"rs230302",40280217,"A",0.01455,0.0557044410413476,0.7939
1,"rs36090360",40281251,"G",-0.03654,0.0168620212275035,0.03025
1,"rs11578711",40281441,"T",0.07731,0.0793981719215364,0.3302
1,"rs75614549",40281824,"C",-0.04765,0.0398411371237458,0.2318
1,"1:40282628:I",40282628,"I",0.05065,0.0408467741935484,0.2148
1,"rs71518432",40282637,"G",-0.03428,0.0188248215266337,0.06867
1,"rs59766044",40282708,"T",-0.03659,0.0169870009285051,0.03126
1,"rs230304",40282818,"G",-0.0222,0.0163355408388521,0.1743
1,"rs230305",40283051,"T",-0.02382,0.0265670310060228,0.37
1,"rs72937858",40283359,"G",0.008236,0.0557994579945799,0.8826
1,"rs35131799",40284053,"G",-0.02194,0.0266650461837628,0.4106
1,"rs79391246",40284933,"C",-0.01889,0.0265719510479674,0.4772
1,"rs114822925",40285259,"C",0.00547,0.0389878831076265,0.8884
1,"rs11578451",40285773,"T",-0.03374,0.0187966573816156,0.07267
1,"rs10889022",40286005,"T",-0.02227,0.0163389581804842,0.173
1,"rs61299437",40286050,"G",-0.03397,0.0167175196850394,0.0422
1,"rs875301",40286060,"T",0.007219,0.055874613003096,0.8972
1,"rs60646880",40286229,"A",-0.007917,0.0276818181818182,0.7749
1,"rs875302",40286272,"G",-0.03644,0.0169962686567164,0.03204
1,"rs230307",40286396,"A",0.1204,0.0795244385733157,0.1302
1,"rs56102224",40286670,"A",-0.03644,0.0169962686567164,0.03204
1,"rs79507547",40287165,"A",-0.03644,0.0169962686567164,0.03204
1,"rs12752810",40287279,"T",-0.02227,0.0163389581804842,0.173
1,"rs4660366",40287691,"A",-0.03439,0.0187513631406761,0.06674
1,"rs230309",40287819,"T",-0.03243,0.016979057591623,0.05613
1,"rs34640847",40287823,"A",0.009198,0.0557116898849182,0.8688
1,"rs36015266",40287917,"T",-0.01783,0.0163278388278388,0.275
1,"rs61779808",40287932,"A",-0.03058,0.0169512195121951,0.0712
1,"rs1999574",40288051,"A",-0.003236,0.0273773265651438,0.9059
1,"rs2311567",40288355,"G",-0.01863,0.0163277826468011,0.2541
1,"rs6600298",40288417,"G",-0.04204,0.02052734375,0.04058
1,"rs61779809",40288464,"T",-0.0321,0.0170021186440678,0.05908
1,"rs6600299",40288474,"T",-0.03661,0.0170199907019991,0.03147
1,"rs143706524",40289050,"G",0.03697,0.0304029605263158,0.2239
1,"rs77514046",40289093,"A",0.01907,0.039230610985394,0.6269
1,"rs1999573",40289812,"A",0.01394,0.0394119310149844,0.7235
1,"rs11576724",40289957,"T",0.05116,0.0407974481658692,0.21
1,"rs11206937",40290011,"A",0.03679,0.030404958677686,0.2262
1,"rs2087796",40290277,"T",0.009945,0.0556208053691275,0.8581
1,"rs230271",40290597,"A",-0.03622,0.0170126820103335,0.0333
1,"rs4661003",40290696,"A",-0.03017,0.01882096069869,0.1091
1,"rs11590650",40290868,"G",-0.01573,0.0285792151162791,0.5821
1,"rs72666941",40290897,"A",-0.03484,0.0167984570877531,0.03813
1,"rs742546",40290964,"C",-0.03243,0.0187782281412855,0.08428
1,"rs78736234",40291431,"T",-0.03226,0.018788584740827,0.08605
1,"rs55804998",40292094,"C",-0.01607,0.0285943060498221,0.5742
1,"rs230272",40292221,"A",-0.02681,0.0275454638857495,0.3305
1,"rs79316541",40292464,"T",-0.02261,0.0163721940622737,0.1672
1,"rs56013722",40292568,"T",0.03614,0.0288888888888889,0.2109
1,"rs230273",40292698,"C",-0.03278,0.018795871559633,0.08121
1,"rs17569868",40292911,"C",-0.03694,0.0192797494780793,0.05536
1,"rs117436151",40293918,"C",-0.01544,0.0283719220874678,0.5863
1,"rs11800318",40294097,"T",-0.0151,0.0283568075117371,0.5944
1,"rs6600301",40294186,"C",-0.0232,0.0164655784244145,0.1587
1,"rs11577348",40294438,"T",0.01204,0.0597815292949355,0.8404
1,"1:40294870:I",40294870,"I",-0.02418,0.0165503080082136,0.1442
1,"rs2172362",40294900,"C",-0.01986,0.0248436327245434,0.4241
1,"rs55804244",40295007,"T",0.03217,0.0304640151515151,0.291
1,"rs11589146",40295408,"A",-0.02023,0.0252212941029797,0.4225
1,"rs56358112",40295880,"A",0.007471,0.026306338028169,0.7764
1,"rs77164272",40296453,"T",0.03491,0.0304094076655052,0.2508
1,"rs6672487",40296571,"T",0.03491,0.0304094076655052,0.2508
1,"rs116221659",40297069,"T",-0.01668,0.0176377286665962,0.3443
1,"1:40298568:D",40298568,"D",0.03474,0.0304469763365469,0.2537
1,"rs17504495",40299195,"C",-0.02308,0.0164621968616262,0.1608
1,"rs56078501",40299278,"T",-0.02361,0.0164644351464435,0.1515
1,"1:40299460:D",40299460,"D",0.009902,0.046335985025737,0.8308
1,"rs78108428",40299570,"C",-0.01586,0.0177186906490895,0.3707
1,"1:40299684:I",40299684,"I",0.03888,0.0312289156626506,0.2133
1,"rs60463327",40299821,"G",-0.02292,0.0164655172413793,0.1641
1,"rs117114982",40300151,"C",0.01675,0.0555371352785146,0.7629
1,"rs114129095",40300843,"A",0.01593,0.0461739130434783,0.7301
1,"rs7551527",40300854,"T",-0.01318,0.0173079448456993,0.4464
1,"rs2050172",40301092,"C",-0.04131,0.0205522388059702,0.0445
1,"rs11206959",40301266,"C",0.01675,0.0555371352785146,0.7629
1,"rs230275",40301897,"C",-0.03363,0.0192611683848797,0.08086
1,"rs6693041",40302463,"A",0.01353,0.0553147996729354,0.8068
1,"rs6659978",40302797,"C",0.01867,0.055204021289178,0.7352
1,"rs6701512",40303089,"T",0.00454,0.0259132420091324,0.8609
1,"rs6693076",40303103,"G",0.01867,0.055204021289178,0.7352
1,"rs230276",40303501,"G",0.01547,0.0549946676146463,0.7785
1,"rs12123609",40303627,"T",0.03424,0.0313553113553114,0.2748
1,"rs1333741",40304086,"C",-0.01509,0.0173288929719798,0.3839
1,"1:40304558:I",40304558,"I",-0.01798,0.0282571114254283,0.5246
1,"rs6694437",40304647,"G",-0.02772,0.0272566371681416,0.3091
1,"rs11590302",40305271,"C",-0.03374,0.0192579908675799,0.07986
1,"rs74069709",40306324,"T",-0.02899,0.0277948226270374,0.2969
1,"rs1043843",40306865,"T",0.03372,0.0313674418604651,0.2826
1,"rs7315",40306898,"C",0.03372,0.0313674418604651,0.2826
1,"rs230310",40307719,"A",0.04672,0.0326256983240223,0.1523
1,"rs3768310",40308397,"A",0.02222,0.0548371174728529,0.6853
1,"rs1974206",40308918,"C",0.03016,0.0277716390423573,0.2775
1,"rs76500814",40309372,"G",0.03372,0.0313674418604651,0.2826
1,"rs16826617",40310221,"A",0.03417,0.027985257985258,0.2221
1,"rs3768308",40311743,"G",-0.02507,0.0164609323703217,0.1278
1,"1:40312053:D",40312053,"D",0.03245,0.0275700934579439,0.2393
1,"rs61779833",40312432,"G",0.03245,0.0275700934579439,0.2393
1,"rs79540048",40313107,"A",-0.01449,0.0173263183068277,0.403
1,"rs1333742",40313849,"C",0.03266,0.0313435700575816,0.2975
1,"rs11577125",40314161,"G",-0.02864,0.0186215864759428,0.1242
1,"rs10789047",40314332,"T",0.03265,0.0275760135135135,0.2363
1,"rs74069781",40314612,"A",0.03372,0.0313674418604651,0.2826
1,"rs10789048",40314932,"C",0.03245,0.0275700934579439,0.2393
1,"rs11206993",40315268,"A",0.03389,0.0313506012950971,0.2799
1,"rs3738671",40315888,"T",0.02938,0.0279277566539924,0.2926
1,"rs75130991",40316681,"A",-0.01589,0.0174251562671346,0.3618
1,"rs56246323",40317445,"G",0.01677,0.0460967564595932,0.716
1,"rs56414205",40317517,"C",-0.02132,0.0164633204633205,0.1954
1,"rs58223750",40319009,"A",0.0351,0.031283422459893,0.2619
1,"1:40319016:I",40319016,"I",0.01677,0.0460967564595932,0.716
1,"rs7535113",40319024,"A",-0.03374,0.0192579908675799,0.07986
1,"rs3768307",40319132,"G",0.03327,0.0275642087821044,0.2274
1,"rs143177115",40319353,"C",-0.02939,0.0277264150943396,0.2894
1,"rs61779834",40319375,"T",0.0326,0.0312260536398467,0.2966
1,"rs2311342",40319379,"C",0.03327,0.0275642087821044,0.2274
1,"rs78738576",40319496,"T",-0.03836,0.01893385982231,0.04284
1,"rs2294814",40319587,"C",0.02637,0.0549833194328607,0.6316
1,"rs11580351",40320034,"C",0.02842,0.0548331082384719,0.6043
1,"rs61779835",40320312,"G",0.0351,0.031283422459893,0.2619
1,"rs60378861",40320676,"T",0.02716,0.054913061059442,0.6209
1,"rs61779837",40321182,"C",0.03379,0.0275387123064385,0.2199
1,"rs12125901",40321194,"C",-0.02293,0.0164608758076095,0.1636
1,"rs61779838",40321716,"C",-0.03374,0.0192579908675799,0.07986
1,"rs74069783",40322350,"T",-0.03327,0.0192646207295889,0.08417
1,"rs16826624",40323838,"C",-0.03842,0.0205674518201285,0.06177
1,"rs6680378",40324097,"C",0.03057,0.0276902173913043,0.2697
1,"rs61779839",40324111,"C",0.02637,0.0549833194328607,0.6316
1,"rs17570439",40324210,"C",0.02637,0.0549833194328607,0.6316
1,"rs77150321",40324647,"A",0.01349,0.0460724043715847,0.7696
1,"rs56142951",40324653,"G",0.009709,0.0538790233074362,0.857
1,"rs61779841",40324666,"A",-0.0221,0.0164556962025316,0.1793
1,"rs12134606",40324720,"T",-0.022,0.0164547494390426,0.1814
1,"rs61779842",40324784,"T",-0.06747,0.0641960038058992,0.2932
1,"rs10489534",40325764,"T",0.03375,0.0312789620018536,0.2806
1,"rs61779843",40326106,"T",-0.02836,0.028162859980139,0.314
1,"rs11207004",40327203,"G",0.03251,0.0312596153846154,0.2983
1,"rs11207006",40327681,"A",-0.002807,0.0165117647058824,0.865
1,"rs11581557",40328458,"C",-0.01722,0.0288345612860013,0.5504
1,"rs12088263",40328892,"T",0.00105,0.0174447582654926,0.952
1,"rs11587573",40329007,"T",0.02519,0.0218853171155517,0.2497
1,"rs61779845",40329282,"A",-0.01725,0.0174665856622114,0.3234
1,"rs138203668",40329645,"T",0.02554,0.0218664383561644,0.243
1,"rs148064937",40330141,"T",0.01939,0.0302874101843174,0.5221
1,"rs6686137",40330381,"A",0.02595,0.0191089837997054,0.1745
1,"rs7516259",40330382,"C",-0.01903,0.0175391705069124,0.2781
1,"rs16826632",40330394,"C",0.005147,0.019169459962756,0.7883
1,"1:40331264:I",40331264,"I",0.01593,0.0300906686815263,0.5965
1,"rs75478519",40331359,"G",0.01902,0.0303107569721116,0.5303
1,"1:40331359:I",40331359,"I",0.01034,0.0194837007725645,0.5956
1,"rs77103575",40331963,"C",0.005251,0.0191712303760497,0.7842
1,"rs59523475",40332118,"C",-0.01445,0.0174453700350115,0.4075
1,"rs28373757",40332978,"C",0.004307,0.0176661197703035,0.8074
1,"rs7553649",40333053,"T",-0.03205,0.0422099301988674,0.4477
1,"rs74524571",40333108,"T",-0.01475,0.0174473621954105,0.3979
1,"rs7532169",40333302,"T",-0.01512,0.0174434702353484,0.3861
1,"rs11584246",40333523,"G",-0.01677,0.0287847579814624,0.5602
1,"rs77857849",40334176,"T",-0.009764,0.0337387698686938,0.7723
1,"rs113274270",40334841,"G",-0.0151,0.0174566473988439,0.3871
1,"rs61779849",40334986,"A",-0.02064,0.024688995215311,0.4032
1,"rs6700363",40335625,"C",0.009327,0.0391561712846348,0.8117
1,"rs76740045",40336345,"C",0.01077,0.0195569275467587,0.5819
1,"rs76914024",40336347,"C",-0.0163,0.0284666433810688,0.567
1,"rs6600304",40336603,"T",-0.007364,0.0252364633310487,0.7705
1,"rs7542060",40336668,"T",-0.01747,0.0284342447916667,0.5389
1,"rs6600305",40337124,"C",0.03251,0.0225920778318277,0.1502
1,"rs60142930",40337221,"G",0.008311,0.0392028301886792,0.8321
1,"rs77122086",40337533,"G",-0.01979,0.0174977895667551,0.2579
1,"rs56342108",40337580,"T",0.008234,0.0195396298054105,0.6734
1,"rs7525033",40338386,"T",-0.04197,0.0397067171239357,0.2904
1,"rs114263539",40338864,"A",-0.01704,0.0175525339925834,0.3317
1,"rs12136268",40339467,"A",0.01218,0.0177344205008736,0.4922
1,"rs112309826",40340587,"A",0.04431,0.060648781823159,0.465
1,"rs55966158",40340720,"T",0.02894,0.0220579268292683,0.1895
1,"1:40341762:I",40341762,"I",0.02301,0.0415193071093468,0.5795
1,"rs59336625",40341774,"C",0.01464,0.0219654913728432,0.5051
1,"rs11587094",40343364,"C",-0.02067,0.0337084148727984,0.5398
1,"rs10789049",40343432,"T",-0.02029,0.0174163090128755,0.2441
1,"rs7516590",40344175,"G",-0.02204,0.0338192419825073,0.5146
1,"rs7527412",40344668,"A",0.01901,0.0373257412134302,0.6105
1,"rs11207044",40345258,"T",-0.02204,0.0338192419825073,0.5146
1,"rs12134452",40345293,"C",0.006525,0.0431262392597489,0.8797
1,"rs55752496",40345512,"A",0.0364,0.0367120524457892,0.3215
1,"rs56329746",40345600,"A",-0.01596,0.0265645805592543,0.548
1,"rs7530647",40345611,"A",-0.01935,0.0168114682884448,0.2499
1,"rs6600306",40345614,"C",0.02218,0.0162848751835536,0.1732
1,"rs6600307",40345731,"C",-0.02322,0.0338879159369527,0.4933
1,"rs61781267",40345773,"A",-0.02367,0.0339063171465406,0.4851
1,"rs7523024",40346001,"C",0.01122,0.0219012297481944,0.6085
1,"rs7533329",40346129,"C",0.03094,0.021742796907941,0.1548
1,"1:40346496:I",40346496,"I",-0.01954,0.0418146800770383,0.6403
1,"rs137882240",40346661,"A",0.0385,0.0608599430920013,0.527
1,"rs16826649",40346996,"C",0.0198,0.0293899361733709,0.5005
1,"rs12040426",40347011,"C",-0.003187,0.0275692041522491,0.908
1,"rs74067827",40347373,"T",0.0198,0.0293899361733709,0.5005
1,"rs6677742",40348020,"C",0.02928,0.0217210682492582,0.1777
1,"rs3845569",40348052,"A",-0.002504,0.0241698841698842,0.9175
1,"rs11576917",40348253,"T",-0.02337,0.033889211136891,0.4905
1,"rs72939651",40348588,"C",-0.02366,0.0174226804123711,0.1746
1,"rs3845570",40349131,"A",0.01758,0.0194878616561357,0.3671
1,"rs61318917",40349333,"A",0.01076,0.0218832621517185,0.623
1,"rs7535397",40349410,"C",0.0198,0.0293899361733709,0.5005
1,"rs61781270",40349428,"A",0.0198,0.0293899361733709,0.5005
1,"rs61781271",40350230,"C",-0.01596,0.0265645805592543,0.548
1,"rs3117082",40350913,"T",0.01101,0.0218843172331544,0.6149
1,"rs761164",40351651,"G",0.0198,0.0293899361733709,0.5005
1,"rs9438932",40352027,"G",0.01734,0.0194962896334608,0.3738
1,"rs59357867",40352771,"T",0.01252,0.0218919391502011,0.5674
1,"rs61781272",40353452,"G",-0.008907,0.0467313746065058,0.8488
1,"rs74067831",40353753,"T",0.0364,0.0367120524457892,0.3215
1,"rs12041291",40353824,"G",0.01805,0.019498757696878,0.3546
1,"rs55804308",40354101,"C",-0.006501,0.0275816716164616,0.8137
1,"rs230277",40354544,"C",-0.002385,0.0421974522292994,0.9549
1,"rs11577749",40354818,"T",0.009614,0.0221062313175443,0.6637
1,"rs80342257",40354973,"C",0.01241,0.0294914448669201,0.6739
1,"rs143956343",40355608,"T",0.01895,0.0175951717734448,0.2816
1,"rs6684490",40356155,"G",0.0198,0.0293899361733709,0.5005
1,"1:40356266:D",40356266,"D",0.01753,0.0194972750528306,0.3686
1,"rs3117083",40356927,"C",0.001273,0.0169124485186661,0.94
1,"rs3131692",40356977,"T",0.009899,0.0165038346115372,0.5487
1,"rs34387655",40357240,"C",-0.01528,0.0234212139791539,0.5141
1,"rs3131691",40357268,"G",-0.008917,0.0208098016336056,0.6683
1,"rs72939665",40357445,"T",0.009437,0.0216246562786434,0.6625
1,"rs3131690",40358052,"T",-0.01329,0.017459274829217,0.4466
1,"rs11811998",40358726,"A",-0.01007,0.0208964515459639,0.6299
1,"rs3131689",40359485,"T",-0.007328,0.0208893956670468,0.7258
1,"rs138091097",40359877,"A",0.01702,0.0296722454672245,0.5663
1,"rs72666962",40359924,"T",0.02252,0.0195826086956522,0.2503
1,"rs3117084",40361700,"A",0.00846,0.0371052631578947,0.8197
1,"rs41297593",40361783,"C",0.00559,0.0411331861662988,0.8919
1,"rs3134617",40361843,"C",0.02249,0.0295183094894343,0.4461
1,"rs3134615",40362066,"A",-0.005172,0.0165504,0.7547
1,"rs3117086",40362461,"C",-0.007656,0.0166362451108214,0.6454
1,"rs3134614",40363054,"G",-0.001846,0.0165116279069767,0.911
1,"rs1800834",40363170,"C",0.006508,0.0214714615638403,0.7618
1,"rs3134613",40364803,"A",0.02476,0.0296172248803828,0.4032
1,"1:40365437:I",40365437,"I",-0.001921,0.0165176268271711,0.9074
1,"rs3131648",40368677,"T",0.02476,0.0296172248803828,0.4032
1,"rs59384651",40368785,"A",-0.001523,0.016513065163179,0.9265
1,"rs3117088",40369232,"C",0.004826,0.0372664092664093,0.8969
1,"rs61781276",40369639,"T",0.03926,0.0213601741022851,0.06617
1,"rs10443218",40370795,"C",0.004826,0.0372664092664093,0.8969
1,"rs77120407",40371303,"T",-0.0197,0.030363748458693,0.5165
1,"rs57004280",40371843,"A",0.002816,0.0166430260047281,0.8656
1,"1:40372928:D",40372928,"D",-0.023,0.0166787527193619,0.1679
1,"rs6657848",40373232,"G",0.007475,0.0214737144498707,0.7278
1,"rs6661291",40374153,"G",-0.001825,0.0165457842248413,0.9122
1,"rs6664244",40374386,"C",0.03941,0.0216063596491228,0.0682
1,"rs3117089",40374621,"G",0.04267,0.0370399305555556,0.2495
1,"rs36026893",40374696,"A",0.007527,0.021468910439247,0.7259
1,"rs56346001",40374734,"C",-0.0107,0.0475133214920071,0.8218
1,"rs7529944",40375005,"A",-0.03065,0.0162341101694915,0.05912
1,"rs12129755",40375048,"T",0.03653,0.0200164383561644,0.06806
1,"rs142141572",40376617,"T",-0.03088,0.0162099737532808,0.05685
1,"rs61781278",40376741,"A",0.004624,0.0172924457741212,0.7892
1,"rs72666970",40376843,"G",-0.03124,0.0161949196474857,0.05381
1,"rs140191656",40377735,"A",0.008494,0.0214711830131446,0.6924
1,"rs61781281",40379578,"T",-0.03073,0.016207805907173,0.058
1,"rs12124681",40379981,"C",0.004529,0.0172928598701795,0.7934
1,"rs3131647",40382264,"C",-0.03288,0.0162530894710825,0.04309
1,"rs3131646",40383552,"T",-0.03073,0.016207805907173,0.058
1,"rs79544711",40384161,"G",-0.02473,0.0319880998577157,0.4395
1,"rs12127002",40384968,"A",0.02681,0.0296570796460177,0.366
1,"rs3103772",40385295,"C",0.04203,0.0203436592449177,0.03885
1,"rs74067851",40385375,"C",-0.03073,0.016207805907173,0.058
1,"rs138340002",40385971,"G",-0.03073,0.016207805907173,0.058
1,"rs3103774",40386211,"T",-0.01987,0.0320483870967742,0.5353
1,"rs2103683",40386427,"A",0.02681,0.0296570796460177,0.366
1,"rs3117090",40386513,"A",-0.03073,0.016207805907173,0.058
1,"rs3117091",40386684,"G",-0.02163,0.0319733924611973,0.4987
1,"rs2639458",40387336,"C",-0.03073,0.016207805907173,0.058
1,"rs67325340",40387748,"T",0.0391,0.0216141514648977,0.07049
1,"rs3117092",40388376,"T",-0.01987,0.0320483870967742,0.5353
1,"rs3117093",40388450,"G",0.0412,0.0203456790123457,0.04293
1,"rs2745513",40388605,"A",-0.02557,0.0166038961038961,0.1235
1,"rs3103784",40388626,"G",0.0412,0.0203456790123457,0.04293
1,"rs2745514",40388826,"T",0.04109,0.0203516592372462,0.0435
1,"rs3131645",40389065,"C",0.003747,0.0172991689750693,0.8285
1,"rs3117094",40389165,"A",-0.0267,0.0162606577344702,0.1007
1,"rs3131644",40389420,"T",0.008077,0.0173437835516427,0.6415
1,"rs3117095",40389536,"G",0.03959,0.0206412930135558,0.0552
1,"rs3117096",40389966,"A",0.03959,0.0206412930135558,0.0552
1,"rs7539338",40390361,"G",0.03965,0.020640291514836,0.05476
1,"rs12133325",40391153,"A",0.03959,0.0206412930135558,0.0552
1,"rs61781289",40391255,"T",0.0167,0.0307380820909258,0.587
1,"rs7542907",40391752,"T",-0.02975,0.0506727985011071,0.5572
1,"1:40391833:D",40391833,"D",0.04384,0.0206597549481621,0.03388
1,"rs11207138",40392157,"C",0.04478,0.0205695911805237,0.02952
1,"rs3103781",40392327,"T",0.0183,0.0264298093587522,0.4887
1,"rs4660367",40392482,"T",0.01288,0.0268221574344023,0.6311
1,"rs12142890",40392558,"A",0.04104,0.0205920722528851,0.0463
1,"rs61781290",40393160,"G",-0.02731,0.0170368059887711,0.1089
1,"rs7514618",40393195,"A",-0.0228,0.0171686746987952,0.1841
1,"rs76035395",40394154,"T",0.04848,0.0186748844375963,0.009445
1,"rs4660368",40395001,"C",0.001782,0.01639374425023,0.9134
1,"rs3103780",40395169,"G",-0.0004869,0.0170483193277311,0.9772
1,"rs77320796",40395195,"G",-0.008934,0.0183449691991786,0.6263
1,"1:40395842:I",40395842,"I",0.001782,0.01639374425023,0.9134
1,"rs12741207",40395856,"A",0.001707,0.0255538922155689,0.9467
1,"rs11207146",40396085,"T",0.0392,0.021826280623608,0.07246
1,"1:40396816:D",40396816,"D",-0.006035,0.0178286558345643,0.735
1,"rs12408124",40397655,"T",0.005981,0.0244222131482238,0.8066
1,"rs7554235",40398728,"T",-0.003218,0.020431746031746,0.8749
1,"rs4068541",40398842,"T",0.046,0.0198105081826012,0.02028
1,"rs6680258",40399488,"T",-0.02615,0.0171138743455497,0.1267
1,"rs12566893",40399734,"C",0.0392,0.021826280623608,0.07246
1,"rs4381172",40400397,"T",-0.02615,0.0171138743455497,0.1267
1,"rs68087082",40401710,"A",0.03893,0.0218217488789238,0.07446
1,"rs61781291",40401838,"A",-0.02615,0.0171138743455497,0.1267
1,"rs10889080",40402265,"C",-0.002488,0.0180813953488372,0.8906
1,"rs3103775",40402387,"T",-0.02567,0.0171361815754339,0.1342
1,"1:40402750:D",40402750,"R",-0.02615,0.0171250818598559,0.1269
1,"rs7529794",40403370,"T",-0.02615,0.0171250818598559,0.1269
1,"rs11207167",40403414,"T",-0.02615,0.0171250818598559,0.1269
1,"rs145740324",40403983,"A",-0.02686,0.0171301020408163,0.1169
1,"rs77692382",40406715,"T",-0.02537,0.017038280725319,0.1365
1,"rs12137477",40406881,"G",-0.02025,0.0279889426399447,0.4694
1,"rs77127523",40408904,"A",-0.03719,0.0332945389435989,0.2638
1,"rs72666983",40408951,"A",-0.006988,0.0535068912710567,0.8961
1,"rs3131707",40409283,"C",0.01277,0.024107985652256,0.5963
1,"rs112152999",40412178,"C",0.03836,0.0219954128440367,0.08124
1,"rs72666984",40412980,"T",0.01277,0.024107985652256,0.5963
1,"rs3131706",40413098,"T",0.04084,0.0217813333333333,0.06083
1,"rs34322704",40413957,"C",0.008485,0.0245302110436542,0.7294
1,"rs61781294",40414323,"C",0.01146,0.0270091916097101,0.6714
1,"rs34375733",40416437,"T",-0.04413,0.0611388196176226,0.4705
1,"rs4068542",40417542,"T",0.01448,0.0255289139633286,0.5706
1,"rs3131705",40417621,"C",0.01823,0.0193894915975324,0.3472
1,"rs72666985",40417773,"T",0.01566,0.0250961538461538,0.5326
1,"rs4233508",40418564,"C",0.01566,0.0250961538461538,0.5326
1,"rs3131704",40418589,"A",0.01448,0.0255289139633286,0.5706
1,"rs7515857",40418630,"T",0.02978,0.0272710622710623,0.2747
1,"rs4660155",40419022,"T",0.01957,0.0176784101174345,0.2685
1,"rs3131703",40419681,"A",0.01957,0.0176784101174345,0.2685
1,"rs61781296",40419732,"T",0.01566,0.0250961538461538,0.5326
1,"rs1492701",40421818,"G",-0.003452,0.0209466019417476,0.8691
1,"rs12737009",40425078,"T",0.0145,0.0253098271949729,0.5667
1,"rs12747592",40426922,"T",-0.04843,0.0204518581081081,0.01791
1,"rs2047007",40427975,"T",-0.0283,0.0164630599185573,0.0856
1,"rs3131700",40428328,"G",0.01968,0.0176978417266187,0.266
1,"rs3131699",40428587,"T",0.01448,0.0255289139633286,0.5706
1,"rs3103778",40433771,"A",0.01545,0.0255287508261732,0.5451
1,"rs11207222",40437465,"C",0.01566,0.0250961538461538,0.5326
1,"rs11207223",40437602,"A",0.01566,0.0250961538461538,0.5326
1,"rs11207227",40437923,"T",0.01436,0.0255288888888889,0.5738
1,"rs4313386",40439598,"A",0.01429,0.0253009915014164,0.5722
1,"rs4313387",40439600,"A",0.02676,0.0270139309509388,0.3219
1,"rs6690779",40440150,"C",0.01566,0.0250961538461538,0.5326
1,"1:40452840:I",40452840,"R",-0.009704,0.0354031375410434,0.784
1,"rs3131694",40456435,"G",0.01577,0.0255177993527508,0.5366
1,"rs4233484",40462662,"T",-0.001366,0.0357217573221757,0.9695
5,"rs56384930",23578944,"C",0.01925,0.019335074327039,0.3195
5,"rs12189460",23580505,"G",0.01935,0.0193907205130775,0.3184
5,"rs10043830",23596925,"T",0.01577,0.0255177993527508,0.5366
5,"rs10035260",23597003,"C",-0.001366,0.0357217573221757,0.9695
5,"rs28719085",23597883,"C",-0.04921,0.0610318739923105,0.4201
5,"rs10941993",23599756,"A",0.01566,0.0250961538461538,0.5326
5,"rs10941994",23599877,"T",0.0119,0.0255364806866953,0.6413
5,"rs1521009",23621475,"A",0.01566,0.0250961538461538,0.5326
5,"rs1521010",23621514,"T",0.01566,0.0250961538461538,0.5326
5,"rs2030418",23621788,"A",-0.003403,0.0356933081602685,0.924
6,"rs12203592",396321,"T",-0.003403,0.0356933081602685,0.924
10,"rs11002649",80495770,"C",0.01761,0.0191184453370969,0.357
11,"rs72901275",33036177,"A",-0.02714,0.0179735099337748,0.131
14,"rs6575242",92759373,"C",0.0116,0.0255337882456527,0.6496
14,"rs8017054",92760416,"A",-0.03171,0.0186529411764706,0.08917
14,"rs17809188",92761113,"C",0.02676,0.0270139309509388,0.3219
14,"rs75612529",92761152,"G",0.01063,0.0255283381364073,0.6771
14,"rs59803580",92762023,"C",-0.005435,0.0353381014304291,0.8778
14,"rs74622080",92762276,"T",0.01891,0.0193948717948718,0.3296
14,"rs1951351",92763194,"A",0.02267,0.0250635710337203,0.3658
14,"rs4900109",92763391,"G",-0.01379,0.060829289810322,0.8206
14,"rs8015296",92763907,"C",0.005302,0.026818411734952,0.8433
14,"rs79991251",92764256,"T",0.01345,0.0213390448992543,0.5285
14,"rs4904864",92764519,"A",0.02134,0.0250704887218045,0.3947
14,"rs28434665",92764671,"T",0.005302,0.026818411734952,0.8433
14,"rs1885193",92765354,"A",0.02071,0.0187931034482759,0.2707
14,"rs9671308",92765767,"T",0.0161,0.0197424892703863,0.4148
14,"rs11160055",92766163,"G",0.02134,0.0250704887218045,0.3947
14,"rs61977801",92766340,"C",-0.005951,0.0356988602279544,0.8676
14,"rs12892379",92767157,"C",0.0161,0.0197424892703863,0.4148
14,"rs4904866",92768503,"C",0.01376,0.0198099625683847,0.4873
14,"rs56152162",92772142,"C",0.01172,0.0197140454163162,0.5522
14,"rs8016459",92772496,"C",0.01421,0.0197663096397274,0.4722
14,"rs12896399",92773663,"G",-0.01379,0.060829289810322,0.8206
14,"rs12896471",92773903,"C",-0.005951,0.0356988602279544,0.8676
14,"rs11622569",92775402,"T",0.01553,0.0198441093789931,0.4339
14,"rs746586",92775967,"C",0.02141,0.0187971905179982,0.2547
14,"rs1075830",92776162,"A",-0.02454,0.0163382157123835,0.1332
14,"rs58056224",92776189,"A",-0.005951,0.0356988602279544,0.8676
14,"rs941799",92776825,"T",-0.03099,0.0186462093862816,0.09662
14,"rs1885194",92777462,"T",-0.03087,0.0186525679758308,0.09791
14,"rs10484035",92778557,"T",0.006055,0.0271281362007168,0.8234
14,"rs17128162",92780357,"A",-0.0275,0.0398666280081183,0.4904
14,"rs17184180",92780387,"T",0.01542,0.0198532251834685,0.4374
14,"rs4904868",92781001,"T",0.01532,0.0198599948146228,0.4405
14,"rs80342630",92781334,"T",0.01542,0.0198532251834685,0.4374
14,"rs11627452",92782405,"A",0.01202,0.0201272605492297,0.5504
14,"rs57484434",92784669,"A",-0.005137,0.0356488549618321,0.8854
14,"rs7148465",92785413,"G",0.02555,0.0269970414201183,0.344
14,"rs76581640",92785560,"A",-0.03286,0.0186598523566156,0.07821
14,"rs75264628",92785596,"A",0.01935,0.0251070455430128,0.4409
14,"rs56137766",92785941,"T",-0.03284,0.0186590909090909,0.07849
14,"rs11623493",92786094,"A",0.01931,0.0249902937750744,0.4397
14,"rs61545059",92786249,"T",0.02024,0.0251085473266344,0.4202
14,"rs8017062",92786637,"A",-0.005137,0.0356488549618321,0.8854
14,"rs8018321",92786789,"C",0.02308,0.0187642276422764,0.2189
14,"14:92786985:D",92786985,"R",-0.002256,0.0197202797202797,0.9089
14,"rs4904870",92787008,"G",-0.02375,0.0399764349436122,0.5524
14,"rs4900111",92787050,"C",0.01935,0.0251070455430128,0.4409
14,"rs4900112",92787289,"A",0.005304,0.0271304347826087,0.845
14,"rs12434392",92787701,"C",0.02313,0.0269926479169098,0.3915
14,"rs35983729",92787761,"T",0.01935,0.0251070455430128,0.4409
14,"rs4144266",92789205,"A",0.01867,0.0250873421123354,0.4568
14,"rs12883151",92790077,"A",-0.001084,0.0192985579490831,0.9552
14,"rs76581013",92791013,"A",0.02004,0.0251727169953523,0.426
14,"rs10135448",92791068,"G",-0.002931,0.0356612726609077,0.9345
14,"rs79363863",92792604,"T",0.004182,0.027279843444227,0.8781
14,"rs2014393",92792853,"T",-0.002605,0.0356458675424193,0.9417
14,"rs8022442",92792890,"T",-0.04323,0.0267678018575851,0.1064
14,"rs35777321",92793507,"T",-0.02094,0.0174354704412989,0.2296
14,"rs10145288",92794003,"A",0.02729,0.0167013463892289,0.1023
14,"rs7149739",92794756,"T",-0.02535,0.0163232453316162,0.1204
14,"rs6575246",92795364,"A",0.01577,0.0173087476676545,0.3623
14,"rs4900114",92795735,"A",0.02789,0.0167005988023952,0.0949
14,"rs4904871",92795912,"G",0.02789,0.0167005988023952,0.0949
14,"rs4904872",92796140,"C",0.02789,0.0167005988023952,0.0949
14,"rs113611836",92797887,"G",0.02768,0.0166847498493068,0.09724
14,"rs75830503",92799984,"T",0.02789,0.0167005988023952,0.0949
14,"rs78152587",92800161,"T",-0.02155,0.01733708769107,0.214
14,"rs2402130",92801203,"G",-0.02155,0.01733708769107,0.214
14,"rs57231768",92801418,"T",0.0009952,0.0231927289676066,0.9658
14,"rs4600402",92803916,"C",-0.0234,0.0168709444844989,0.1653
14,"rs186743815",92808908,"T",0.001679,0.0232484076433121,0.9424
14,"rs9972287",92810214,"T",0.02795,0.0166965352449223,0.09421
15,"15:28042708:D",28042708,"R",0.02795,0.0166965352449223,0.09421
15,"rs56839008",28328485,"T",0.0009952,0.0231927289676066,0.9658
15,"rs7174027",28328765,"A",0.02795,0.0166965352449223,0.09421
15,"rs12593163",28330368,"A",-0.01835,0.0173768939393939,0.291
15,"rs77542847",28330373,"A",0.02795,0.0166965352449223,0.09421
15,"rs4778236",28332533,"A",0.02795,0.0166965352449223,0.09421
15,"rs13379995",28332549,"C",0.02795,0.0166965352449223,0.09421
15,"rs4778237",28333046,"A",-0.02713,0.0162942942942943,0.09588
15,"rs72625134",28333188,"A",0.02795,0.0166965352449223,0.09421
15,"rs72714118",28333196,"A",0.02795,0.0166965352449223,0.09421
15,"rs12440978",28333418,"G",0.0288,0.0175716900549115,0.1013
15,"rs149906873",28333710,"A",0.02771,0.0167129071170084,0.09734
15,"rs7496514",28334553,"T",0.001806,0.0232462350366843,0.9381
15,"rs72714121",28334889,"T",0.02771,0.0167129071170084,0.09734
15,"rs72625135",28334927,"A",0.0276,0.0167070217917676,0.09864
15,"rs4778241",28338713,"A",0.02137,0.0162262718299165,0.1879
